id,first_name,last_name,email,gender,grade
1,Reggie Margerrison,Margerrison,rmargerrison0@live.com,Female,5.3
2,Jody Cossor,Cossor,jcossor1@seattletimes.com,Female,1.2
3,Anneliese Scrivner,Scrivner,ascrivner2@flavors.me,Female,6.5
4,Kippy Fishburn,Fishburn,kfishburn3@microsoft.com,Female,6.1
5,Fritz Vasilmanov,Vasilmanov,fvasilmanov4@discovery.com,Non-binary,8.2
6,Raviv Lohan,Lohan,rlohan5@reverbnation.com,Male,9.6
7,Annetta Slorach,Slorach,aslorach6@cocolog-nifty.com,Agender,8.1
8,Shanna Whitewood,Whitewood,swhitewood7@constantcontact.com,Female,8.4
9,Monika Sharvill,Sharvill,msharvill8@cbslocal.com,Bigender,1.3
10,Shaylah Grisenthwaite,Grisenthwaite,sgrisenthwaite9@cdc.gov,Female,9.6
11,Tandy O'Driscole,O'Driscole,todriscolea@harvard.edu,Female,9.9
12,Jude Cormode,Cormode,jcormodeb@wisc.edu,Male,4.8
13,Christen Hubbert,Hubbert,chubbertc@illinois.edu,Female,5.2
14,Desmund Lauks,Lauks,dlauksd@sciencedaily.com,Male,9.2
15,Britt Obray,Obray,bobraye@cdbaby.com,Female,8.4
16,Selby Vankin,Vankin,svankinf@is.gd,Male,4
17,Sax Tingley,Tingley,stingleyg@wsj.com,Male,7.6
18,Roddy Ormesher,Ormesher,rormesherh@google.co.uk,Genderfluid,5.2
19,Sophronia Bedbury,Bedbury,sbedburyi@mediafire.com,Female,2.1
20,Gregorius Grewer,Grewer,ggrewerj@imgur.com,Male,8.2
21,Colet Peoples,Peoples,cpeoplesk@netvibes.com,Male,6.2
22,Cathi Lavender,Lavender,clavenderl@clickbank.net,Female,8.3
23,Riccardo Clark,Clark,rclarkm@indiegogo.com,Male,2.5
24,Ethelred Kowalski,Kowalski,ekowalskin@wisc.edu,Male,5.3
25,Ashlin Marsden,Marsden,amarsdeno@tumblr.com,Male,9.2
26,Leonerd Ewbanck,Ewbanck,lewbanckp@flavors.me,Male,7.1
27,Yance Servante,Servante,yservanteq@seesaa.net,Male,7.2
28,Vito Lysaght,Lysaght,vlysaghtr@twitter.com,Male,2.4
29,Colin Ebertz,Ebertz,cebertzs@qq.com,Male,9.2
30,Addia Burhouse,Burhouse,aburhouset@mysql.com,Female,6.1
31,Othella Lownds,Lownds,olowndsu@illinois.edu,Genderfluid,9.5
32,Bennett Gothard,Gothard,bgothardv@mlb.com,Male,10
33,Stern Tew,Tew,steww@nasa.gov,Male,8.8
34,Billy Brownsell,Brownsell,bbrownsellx@princeton.edu,Male,4.7
35,Jerald Braithwaite,Braithwaite,jbraithwaitey@shinystat.com,Male,5.1
36,Etty Harbage,Harbage,eharbagez@cornell.edu,Female,5.7
37,Bernard Cassels,Cassels,bcassels10@mashable.com,Bigender,5.7
38,Berget Daber,Daber,bdaber11@gmpg.org,Female,4.9
39,Paddy McGrayle,McGrayle,pmcgrayle12@lulu.com,Male,9.3
40,Menard Gwillyam,Gwillyam,mgwillyam13@nature.com,Male,6.4
41,Benni Kikke,Kikke,bkikke14@blogs.com,Female,6.5
42,Barry Gostick,Gostick,bgostick15@who.int,Male,4.7
43,Yolande Plowell,Plowell,yplowell16@prlog.org,Female,1.6
44,Fraser Hercules,Hercules,fhercules17@youtube.com,Male,6.8
45,Marie-ann Eaddy,Eaddy,meaddy18@yellowbook.com,Female,6.2
46,Byram Lotze,Lotze,blotze19@nifty.com,Male,1.8
47,Xenos De Filippis,De Filippis,xde1a@utexas.edu,Male,6.4
48,Camel Connal,Connal,cconnal1b@google.com.br,Female,1.7
49,Bartlett Linder,Linder,blinder1c@businesswire.com,Male,6.7
50,Harriot Sizey,Sizey,hsizey1d@arizona.edu,Genderfluid,9.6
51,Cristy Elsy,Elsy,celsy1e@statcounter.com,Female,2.6
52,Frederica Rolance,Rolance,frolance1f@jugem.jp,Female,5.7
53,Dolly Bucky,Bucky,dbucky1g@baidu.com,Female,1.4
54,Karlens Kynsey,Kynsey,kkynsey1h@auda.org.au,Genderfluid,8.6
55,Augustine Louthe,Louthe,alouthe1i@usnews.com,Male,8
56,Myrtle Dibble,Dibble,mdibble1j@studiopress.com,Bigender,9.3
57,Albertina Dobbin,Dobbin,adobbin1k@51.la,Female,8
58,Durante Paxeford,Paxeford,dpaxeford1l@economist.com,Male,4.6
59,Donal Rubenov,Rubenov,drubenov1m@bandcamp.com,Male,8
60,Gill Dellatorre,Dellatorre,gdellatorre1n@addthis.com,Female,5.4
61,Cherice Tollfree,Tollfree,ctollfree1o@jalbum.net,Female,4.9
62,Fran Cuphus,Cuphus,fcuphus1p@jugem.jp,Male,1.7
63,Alexandr Wain,Wain,awain1q@desdev.cn,Male,4
64,Evelyn Shearman,Shearman,eshearman1r@dyndns.org,Non-binary,2.7
65,Simeon Aldrich,Aldrich,saldrich1s@aol.com,Male,9.4
66,Avrit Roswarne,Roswarne,aroswarne1t@smugmug.com,Female,3.6
67,Elihu Gething,Gething,egething1u@uol.com.br,Male,7.7
68,Noe Leas,Leas,nleas1v@yahoo.com,Male,2.2
69,Dyna Spens,Spens,dspens1w@bbb.org,Genderqueer,1.3
70,Lorianna Yetman,Yetman,lyetman1x@discovery.com,Female,3.4
71,Jereme Huggin,Huggin,jhuggin1y@java.com,Male,2.9
72,Riobard Clementel,Clementel,rclementel1z@usnews.com,Male,7.5
73,Ashla Talman,Talman,atalman20@jalbum.net,Female,4.4
74,Timmy Height,Height,theight21@bing.com,Female,4.3
75,Allie Heaslip,Heaslip,aheaslip22@time.com,Agender,10
76,Duky Ivanchov,Ivanchov,divanchov23@wikispaces.com,Male,3.1
77,Coral Sibary,Sibary,csibary24@example.com,Female,2.7
78,Matty Roffe,Roffe,mroffe25@mediafire.com,Female,6.2
79,Ruddie Morse,Morse,rmorse26@parallels.com,Male,3.8
80,Allin Galea,Galea,agalea27@addtoany.com,Male,1.6
81,Loralie Monday,Monday,lmonday28@marketwatch.com,Female,5.8
82,Brod Hadcock,Hadcock,bhadcock29@discovery.com,Male,1.4
83,Rolland Clipsham,Clipsham,rclipsham2a@cdbaby.com,Male,4.3
84,Rebecka Hysom,Hysom,rhysom2b@amazon.com,Female,3.6
85,Jeannine Curd,Curd,jcurd2c@nps.gov,Female,5.4
86,Bennett Erratt,Erratt,berratt2d@posterous.com,Male,4.6
87,Anallese Piwell,Piwell,apiwell2e@tinyurl.com,Female,8.7
88,Tamarah Fowler,Fowler,tfowler2f@cisco.com,Female,9
89,Darrel Marrett,Marrett,dmarrett2g@freewebs.com,Male,5.6
90,Adamo Fielder,Fielder,afielder2h@boston.com,Male,6.6
91,Nikola Heymann,Heymann,nheymann2i@altervista.org,Male,1
92,Donna Dykins,Dykins,ddykins2j@reference.com,Female,1.7
93,Rebe Eilles,Eilles,reilles2k@github.com,Female,4
94,Miof mela Malinson,Malinson,mmela2l@1688.com,Female,1.7
95,Banky Orsay,Orsay,borsay2m@infoseek.co.jp,Male,3.6
96,Janos McFeate,McFeate,jmcfeate2n@altervista.org,Non-binary,5.4
97,Moise Silvester,Silvester,msilvester2o@addthis.com,Male,2.5
98,Joyan Basindale,Basindale,jbasindale2p@is.gd,Female,5.6
99,Bell Hearnah,Hearnah,bhearnah2q@flavors.me,Female,1.9
100,Gordie Coomes,Coomes,gcoomes2r@odnoklassniki.ru,Male,2.5
